{"cameraMode":{"drawMode":0,"name":"Shaded","section":"Shading Mode"},"sceneLighting":false,"audioPlay":false,"sceneViewState":{"showFog":true,"showMaterialUpdate":false,"showSkybox":false,"showFlares":true,"showImageEffects":true,"showParticleSystems":true},"in2DMode":false,"pivot":{"x":7.84958553314209,"y":2.1153695583343508,"z":0.004382029175758362},"rotation":{"x":-0.04457647725939751,"y":-0.06648167967796326,"z":-0.0029731011018157007,"w":0.9967870116233826},"size":2.223574161529541,"orthographic":false}