{"cameraMode":{"drawMode":0,"name":"Shaded","section":"Shading Mode"},"sceneLighting":true,"audioPlay":false,"sceneViewState":{"showFog":true,"showMaterialUpdate":false,"showSkybox":true,"showFlares":true,"showImageEffects":true,"showParticleSystems":true},"in2DMode":false,"pivot":{"x":27.178171157836915,"y":1.3578591346740723,"z":-1.7488272190093995},"rotation":{"x":-0.06505536288022995,"y":0.18951933085918427,"z":-0.012585035525262356,"w":-0.9796386361122131},"size":2.3662726879119875,"orthographic":false}