{"cameraMode":{"drawMode":0,"name":"Shaded","section":"Shading Mode"},"sceneLighting":true,"audioPlay":false,"sceneViewState":{"showFog":true,"showMaterialUpdate":false,"showSkybox":true,"showFlares":true,"showImageEffects":true,"showParticleSystems":true},"in2DMode":false,"pivot":{"x":22.466327667236329,"y":6.3361945152282719,"z":-7.9611735343933109},"rotation":{"x":0.08964795619249344,"y":-0.10853791981935501,"z":0.009827537462115288,"w":0.9899930357933044},"size":5.810626983642578,"orthographic":false}