{"cameraMode":{"drawMode":0,"name":"Shaded","section":"Shading Mode"},"sceneLighting":false,"audioPlay":false,"sceneViewState":{"showFog":true,"showMaterialUpdate":false,"showSkybox":false,"showFlares":true,"showImageEffects":true,"showParticleSystems":true},"in2DMode":false,"pivot":{"x":0.11298563331365586,"y":0.8877315521240234,"z":0.25155848264694216},"rotation":{"x":0.1123337671160698,"y":0.064348503947258,"z":-0.0072958869859576229,"w":0.9915579557418823},"size":0.9027521014213562,"orthographic":false}